City_ID,City,Country,Date,Lat,Lng,Max Temp,Humidity,Cloudiness,Wind Speed
0,Te Anau,NZ,2020-01-02 20:13:06,-45.41,167.72,48.51,63,16,9.04
1,Khatanga,RU,2020-01-02 20:11:54,71.98,102.47,-6.54,98,100,1.97
2,Mataura,NZ,2020-01-02 20:13:07,-46.19,168.86,52.0,73,53,17.0
3,Bambous Virieux,MU,2020-01-02 20:13:07,-20.34,57.76,78.01,94,75,1.12
4,Saint-Philippe,CA,2020-01-02 20:11:46,45.36,-73.48,39.2,64,1,9.17
5,Adrar,DZ,2020-01-02 20:13:08,27.87,-0.29,53.6,22,0,10.29
6,Hilo,US,2020-01-02 20:13:08,19.71,-155.08,80.6,57,1,6.31
7,Kapaa,US,2020-01-02 20:13:09,22.08,-159.32,78.8,74,40,11.41
8,Hermanus,ZA,2020-01-02 20:13:09,-34.42,19.24,66.0,87,26,1.01
9,Cape Town,ZA,2020-01-02 20:11:03,-33.93,18.42,66.99,82,20,20.8
10,Queanbeyan,AU,2020-01-02 20:13:10,-35.35,149.23,64.4,72,90,6.93
11,Kodiak,US,2020-01-02 20:13:11,39.95,-94.76,53.01,70,1,6.93
12,Ponta Do Sol,BR,2020-01-02 20:13:11,-20.63,-46.0,72.01,87,91,8.63
13,Saldanha,PT,2020-01-02 20:13:12,41.42,-6.55,39.61,82,100,2.82
14,Chokurdakh,RU,2020-01-02 20:13:12,70.62,147.9,-24.9,93,0,3.49
15,Kavieng,PG,2020-01-02 20:13:13,-2.57,150.8,82.94,74,23,4.76
16,Punta Arenas,CL,2020-01-02 20:13:13,-53.16,-70.91,60.8,44,56,17.22
17,Bowen,AU,2020-01-02 20:13:13,-20.01,148.25,75.0,94,40,4.7
18,Albany,US,2020-01-02 20:13:14,42.65,-73.75,45.0,48,40,12.75
19,Yellowknife,CA,2020-01-02 20:13:14,62.45,-114.38,6.8,92,90,6.93
20,Jacareacanga,BR,2020-01-02 20:13:14,-6.22,-57.76,87.8,55,100,4.7
21,Ucluelet,CA,2020-01-02 20:09:58,48.94,-125.55,39.0,93,90,8.05
22,Bluff,AU,2020-01-02 20:13:15,-23.58,149.07,75.79,78,24,12.75
23,East London,ZA,2020-01-02 20:13:15,-33.02,27.91,73.54,85,93,14.18
24,Rikitea,PF,2020-01-02 20:13:16,-23.12,-134.97,79.25,75,100,7.31
25,Saint-Francois,FR,2020-01-02 20:13:16,46.42,3.91,35.6,100,100,2.77
26,Qasigiannguit,GL,2020-01-02 20:13:17,68.82,-51.19,8.6,78,75,20.8
27,Gat,SN,2020-01-02 20:13:17,14.69,-16.54,84.2,38,94,11.41
28,Narsaq,GL,2020-01-02 20:13:18,60.91,-46.05,19.4,48,75,1.12
29,Caravelas,BR,2020-01-02 20:13:18,-17.73,-39.27,78.82,80,100,15.37
30,Vaini,IN,2020-01-02 20:13:19,15.34,74.49,63.93,89,0,1.97
31,Tiksi,RU,2020-01-02 20:12:13,71.64,128.87,-19.26,65,0,4.16
32,Padang,ID,2020-01-02 20:13:20,-0.92,100.36,69.1,90,86,3.91
33,Dikson,RU,2020-01-02 20:11:43,73.51,80.55,-3.01,91,100,24.05
34,Ushuaia,AR,2020-01-02 20:11:58,-54.81,-68.31,53.6,71,20,25.28
35,Qaanaaq,GL,2020-01-02 20:13:21,77.48,-69.36,-39.23,65,9,5.97
36,Pacific Grove,US,2020-01-02 20:13:15,36.62,-121.92,63.0,63,1,6.93
37,Yerbogachen,RU,2020-01-02 20:13:22,61.28,108.01,10.0,95,100,6.2
38,Ugento,IT,2020-01-02 20:13:22,39.93,18.16,44.01,93,5,6.93
39,Klaksvik,FO,2020-01-02 20:13:23,62.23,-6.59,37.4,59,100,40.26
40,Angoche,MZ,2020-01-02 20:13:23,-16.23,39.91,76.01,94,100,11.21
41,Balakliya,UA,2020-01-02 20:13:23,49.46,36.86,30.2,86,90,11.18
42,Abu Samrah,SY,2020-01-02 20:13:24,35.3,37.18,48.33,88,96,10.04
43,Carnarvon,ZA,2020-01-02 20:13:24,-30.97,22.13,67.3,67,0,23.91
44,Torbay,CA,2020-01-02 20:09:28,47.66,-52.73,33.01,83,90,17.22
45,Mar Del Plata,AR,2020-01-02 20:10:47,-46.43,-67.52,90.41,19,0,20.71
46,Kungurtug,RU,2020-01-02 20:13:25,50.6,97.53,-0.09,77,0,3.36
47,Nedjo,ET,2020-01-02 20:13:26,9.5,35.5,65.37,41,32,4.18
48,Atuona,PF,2020-01-02 20:13:26,-9.8,-139.03,81.03,74,0,12.73
49,Tommot,RU,2020-01-02 20:13:26,58.97,126.27,-27.96,90,3,2.26
50,Avarua,CK,2020-01-02 20:13:27,-21.21,-159.78,78.8,74,92,4.7
51,Hovd,NO,2020-01-02 20:11:49,63.83,10.7,48.2,72,75,11.41
52,Butaritari,KI,2020-01-02 20:13:27,3.07,172.79,83.53,71,100,5.77
53,Pathein,MM,2020-01-02 20:13:28,16.78,94.73,72.75,74,0,4.09
54,Pisco,PE,2020-01-02 20:13:28,-13.71,-76.2,73.99,30,20,11.41
55,Alice Springs,AU,2020-01-02 20:13:28,-23.7,133.88,87.8,20,0,6.93
56,Tauranga,NZ,2020-01-02 20:11:29,-37.69,176.17,72.0,83,25,15.99
57,Bud,NO,2020-01-02 20:13:29,62.91,6.91,48.2,70,75,18.34
58,Grindavik,IS,2020-01-02 20:11:44,63.84,-22.43,26.6,53,40,17.22
59,Zhovkva,UA,2020-01-02 20:13:30,50.06,23.97,28.4,74,22,2.24
60,Labuhan,ID,2020-01-02 20:13:31,-2.54,115.51,72.57,94,100,1.3
61,Coihaique,CL,2020-01-02 20:13:31,-45.58,-72.07,73.4,49,40,11.41
62,Rio Claro,BR,2020-01-02 20:09:02,-22.41,-47.56,69.8,94,75,12.75
63,Katsuura,JP,2020-01-02 20:13:32,33.93,134.5,48.0,81,75,4.7
64,Luanda,AO,2020-01-02 20:13:32,-8.83,13.24,82.4,74,75,10.29
65,Santa Cruz,BR,2020-01-02 20:13:33,-6.22,-36.02,81.23,61,36,9.37
66,Quimperle,FR,2020-01-02 20:13:33,47.87,-3.55,53.01,87,90,18.34
67,Hobart,AU,2020-01-02 20:11:10,-42.88,147.33,60.01,72,75,5.82
68,Busselton,AU,2020-01-02 20:13:34,-33.64,115.35,48.99,58,0,15.43
69,Cabedelo,BR,2020-01-02 20:13:35,-6.97,-34.84,84.2,66,20,10.29
70,Bredasdorp,ZA,2020-01-02 20:12:06,-34.53,20.04,68.0,72,0,3.36
71,Kobelyaky,UA,2020-01-02 20:13:36,49.15,34.2,31.46,81,100,8.12
72,Codrington,AU,2020-01-02 20:13:36,-28.95,153.24,70.0,93,45,1.3
73,Bathsheba,BB,2020-01-02 20:13:36,13.22,-59.52,84.2,58,40,17.22
74,Husavik,CA,2020-01-02 20:13:37,50.56,-96.99,19.0,90,90,5.99
75,Ancud,CL,2020-01-02 20:13:37,-41.87,-73.83,75.2,57,0,8.05
76,Upernavik,GL,2020-01-02 20:13:37,72.79,-56.15,-0.89,59,100,16.51
77,Guerrero Negro,MX,2020-01-02 20:13:38,27.97,-114.04,63.55,61,0,13.58
78,Shimoda,JP,2020-01-02 20:13:38,34.7,138.93,36.0,89,0,30.18
79,Chuy,UY,2020-01-02 20:13:30,-33.69,-53.46,72.46,69,42,13.15
80,Sao Joao Da Barra,BR,2020-01-02 20:13:39,-21.64,-41.05,86.0,74,75,9.17
81,Roma,IT,2020-01-02 20:10:35,41.89,12.48,48.0,81,17,5.82
82,Kisiwani,TZ,2020-01-02 20:13:39,-4.13,37.95,70.36,83,63,0.92
83,Crixas,BR,2020-01-02 20:13:40,-14.55,-49.97,79.21,84,100,4.9
84,Wagar,US,2020-01-02 20:13:40,31.44,-87.99,71.01,42,98,3.0
85,Esperance,AU,2020-01-02 20:12:00,-33.86,121.89,60.8,82,75,12.75
86,Camabatela,AO,2020-01-02 20:11:08,-8.19,15.37,65.61,95,100,3.09
87,Koungheul,SN,2020-01-02 20:13:41,13.98,-14.8,76.87,11,93,10.31
88,Karratha,AU,2020-01-02 20:13:42,-20.74,116.85,84.47,63,100,4.03
89,Soyo,AO,2020-01-02 20:13:42,-6.13,12.37,82.4,88,75,5.82
90,Barrow,AR,2020-01-02 20:13:43,-38.31,-60.23,80.65,42,0,8.63
91,Hithadhoo,MV,2020-01-02 20:13:43,-0.6,73.08,82.96,78,0,13.38
92,Iracoubo,GF,2020-01-02 20:13:44,5.48,-53.21,80.08,72,37,13.6
93,Provideniya,RU,2020-01-02 20:13:44,64.42,-173.23,-12.59,77,0,8.97
94,Nogliki,RU,2020-01-02 20:13:45,51.8,143.14,-0.31,92,100,5.64
95,Male,UA,2020-01-02 20:13:45,50.74,33.7,32.2,94,100,9.44
96,Port Alfred,ZA,2020-01-02 20:13:46,-33.59,26.89,68.0,91,94,1.01
97,Oistins,BB,2020-01-02 20:13:47,13.07,-59.53,84.2,58,40,17.22
98,Airai,TL,2020-01-02 20:12:06,-8.93,125.41,68.2,92,100,1.43
99,Ekhabi,RU,2020-01-02 20:13:47,53.51,142.97,-0.04,93,96,15.26
100,Bandarbeyla,SO,2020-01-02 20:13:48,9.49,50.81,78.1,78,75,17.22
101,Dingle,PH,2020-01-02 20:13:48,11.0,122.67,73.13,94,100,9.53
102,Cayenne,GF,2020-01-02 20:12:15,4.94,-52.33,84.2,66,75,12.75
103,Port Hedland,AU,2020-01-02 20:13:50,-20.31,118.58,80.6,78,93,7.16
104,Nanortalik,GL,2020-01-02 20:13:51,60.14,-45.24,29.43,33,98,5.73
105,Hasaki,JP,2020-01-02 20:11:46,35.73,140.83,32.0,73,20,1.12
106,Tomatlan,MX,2020-01-02 20:13:51,19.93,-105.25,76.64,38,0,4.92
107,Lavrentiya,RU,2020-01-02 20:11:48,65.58,-170.99,-12.59,89,46,13.47
108,Noumea,NC,2020-01-02 20:12:17,-22.28,166.46,78.01,61,87,2.24
109,Alta Floresta,BR,2020-01-02 20:13:52,-9.87,-56.08,84.2,74,20,11.41
110,Jamestown,AU,2020-01-02 20:13:53,-33.21,138.6,75.25,16,64,17.78
111,Salalah,OM,2020-01-02 20:11:42,17.01,54.1,73.4,64,13,2.24
112,Port Hardy,CA,2020-01-02 20:13:54,50.7,-127.42,37.4,93,90,14.99
113,Ribeira Grande,PT,2020-01-02 20:12:16,38.52,-28.7,57.2,67,20,9.17
114,Arraial Do Cabo,BR,2020-01-02 20:11:48,-22.97,-42.02,82.4,74,75,6.93
115,Victoria,BN,2020-01-02 20:13:56,5.28,115.24,80.6,83,75,3.36
116,Elizabeth City,US,2020-01-02 20:10:26,36.3,-76.22,59.0,41,1,13.87
117,Mazagao,BR,2020-01-02 20:13:56,-0.12,-51.29,86.0,70,75,8.05
118,Port Elizabeth,US,2020-01-02 20:13:57,39.31,-74.98,55.0,53,1,4.7
119,Labuan,BN,2020-01-02 20:13:57,5.28,115.24,80.6,83,75,3.36
120,Berlevag,NO,2020-01-02 20:11:50,70.86,29.09,28.4,92,75,14.99
121,Puerto Ayora,EC,2020-01-02 20:13:58,-0.74,-90.35,82.4,65,75,11.41
122,Tuktoyaktuk,CA,2020-01-02 20:13:58,69.44,-133.03,-13.0,75,75,14.99
123,Longyearbyen,NO,2020-01-02 20:13:58,78.22,15.63,5.0,50,0,13.87
124,Tete,MZ,2020-01-02 20:13:59,-16.16,33.59,82.4,78,75,5.82
125,Tasiilaq,GL,2020-01-02 20:13:59,65.61,-37.64,10.4,46,20,33.33
126,Hofn,IS,2020-01-02 20:12:08,64.25,-15.21,24.91,51,37,13.18
127,Shingu,JP,2020-01-02 20:14:00,33.72,135.99,49.05,75,5,14.07
128,Sokolo,ML,2020-01-02 20:14:00,14.74,-6.12,66.56,13,62,13.13
129,Port Lincoln,AU,2020-01-02 20:14:00,-34.72,135.86,77.32,25,72,15.55
130,Marand,IR,2020-01-02 20:09:56,38.43,45.77,30.2,86,20,2.24
131,Mount Isa,AU,2020-01-02 20:14:01,-20.73,139.49,78.8,65,100,5.82
132,Yulara,AU,2020-01-02 20:12:27,-25.24,130.99,82.4,39,28,5.82
133,Itarema,BR,2020-01-02 20:12:00,-2.92,-39.92,80.33,77,57,7.9
134,Lebu,ET,2020-01-02 20:11:46,8.96,38.73,56.1,84,51,0.63
135,Sao Filipe,CV,2020-01-02 20:14:03,14.9,-24.5,70.86,72,100,19.01
136,Coahuayana,MX,2020-01-02 20:12:36,18.62,-100.35,89.19,34,76,3.24
137,Saint George,GR,2020-01-02 20:14:04,39.45,22.34,37.4,64,20,9.17
138,New Norfolk,AU,2020-01-02 20:14:05,-42.78,147.06,60.01,72,75,5.82
139,Laurens,US,2020-01-02 20:14:05,34.5,-82.02,48.2,87,90,6.15
140,Comodoro Rivadavia,AR,2020-01-02 20:14:06,-45.87,-67.48,96.8,18,0,21.92
141,Fairbanks,US,2020-01-02 20:11:46,64.84,-147.72,-5.8,83,75,3.8
142,Kutum,SD,2020-01-02 20:14:06,14.2,24.66,56.35,32,28,9.66
143,Tautira,PF,2020-01-02 20:14:07,-17.73,-149.15,86.0,66,75,12.75
144,Bilibino,RU,2020-01-02 20:14:08,68.06,166.44,-12.96,74,49,3.13
145,Kortkeros,RU,2020-01-02 20:14:08,61.81,51.56,15.8,92,90,13.42
146,Manggar,ID,2020-01-02 20:14:08,-2.88,108.27,80.49,84,100,20.36
147,Barranca,PE,2020-01-02 20:14:09,-10.75,-77.76,70.72,88,12,11.56
148,Kailua,US,2020-01-02 20:14:09,21.39,-157.74,80.6,73,90,4.7
149,Vostok,RU,2020-01-02 20:14:09,46.45,135.83,-9.36,97,100,7.52
150,Namibe,AO,2020-01-02 20:14:10,-15.19,12.15,73.22,80,100,8.77
151,Mecca,SA,2020-01-02 20:12:08,21.43,39.83,72.28,76,3,1.97
152,Emba,CY,2020-01-02 20:14:10,34.81,32.42,53.6,81,75,13.87
153,Vaitape,PF,2020-01-02 20:14:11,-16.52,-151.75,81.12,77,100,13.31
154,Clyde River,CA,2020-01-02 20:14:11,70.47,-68.59,-5.8,83,90,6.93
155,Roald,NO,2020-01-02 20:14:11,62.58,6.12,46.99,87,75,27.51
156,Cherskiy,RU,2020-01-02 20:14:12,68.75,161.3,-1.7,72,28,12.66
157,Galbshtadt,RU,2020-01-02 20:14:12,53.23,78.98,21.79,86,100,13.47
158,Fallon,US,2020-01-02 20:11:02,46.84,-105.12,39.0,86,90,8.05
159,Erzin,TR,2020-01-02 20:14:13,36.95,36.2,50.0,81,75,9.17
160,Omboue,GA,2020-01-02 20:14:13,-1.57,9.26,77.49,91,100,3.4
161,Saskylakh,RU,2020-01-02 20:14:13,71.97,114.09,-17.01,91,5,8.25
162,Bethel,US,2020-01-02 20:14:14,60.79,-161.76,-14.8,75,1,5.82
163,Rabo De Peixe,PT,2020-01-02 20:14:14,37.8,-25.58,57.2,67,20,6.93
164,Takoradi,GH,2020-01-02 20:14:15,4.89,-1.75,81.55,59,26,6.04
165,Georgetown,GY,2020-01-02 20:11:31,6.8,-58.16,86.0,65,20,9.17
166,Port-Cartier,CA,2020-01-02 20:14:16,50.03,-66.88,26.6,58,20,16.11
167,Sabha,LY,2020-01-02 20:14:16,27.03,14.43,48.29,62,0,9.28
168,La Rioja,AR,2020-01-02 20:14:16,-29.41,-66.86,81.36,38,0,11.07
169,Lata,IN,2020-01-02 20:14:17,30.78,78.62,9.21,78,100,7.2
170,Solhan,TR,2020-01-02 20:14:17,38.97,41.05,20.86,87,97,3.89
171,San Quintin,PH,2020-01-02 20:14:18,17.54,120.52,65.98,82,0,6.26
172,Norilsk,RU,2020-01-02 20:14:18,69.35,88.2,-2.2,77,100,17.9
173,Hirara,JP,2020-01-02 20:14:19,24.8,125.28,67.75,64,10,10.98
174,Ouesso,CG,2020-01-02 20:14:20,1.61,16.05,76.17,33,100,1.03
175,Banff,CA,2020-01-02 20:14:20,51.18,-115.57,27.0,43,0,11.99
176,Kruisfontein,ZA,2020-01-02 20:12:01,-34.0,24.73,67.28,84,67,7.45
177,Pirganj,BD,2020-01-02 20:14:21,25.85,88.36,63.64,58,100,2.59
178,Illapel,CL,2020-01-02 20:14:21,-31.63,-71.17,72.9,31,0,10.38
179,Tura,RU,2020-01-02 20:14:21,64.27,100.22,-4.59,94,96,5.44
180,San Patricio,PY,2020-01-02 20:14:22,-26.98,-56.83,87.08,49,77,9.26
181,Caborca,MX,2020-01-02 20:14:22,30.58,-111.1,61.0,45,0,5.99
182,Sokolka,RU,2020-01-02 20:14:22,52.46,43.89,27.36,96,100,12.01
183,Mahibadhoo,MV,2020-01-02 20:14:23,3.78,72.97,81.84,80,60,14.7
184,Campo Alegre,BR,2020-01-02 20:14:24,-9.78,-36.36,82.4,69,20,14.99
185,Souillac,FR,2020-01-02 20:14:24,45.6,-0.6,46.4,87,100,2.24
186,Norman Wells,CA,2020-01-02 20:11:54,65.28,-126.83,-4.0,76,90,13.87
187,Ketchikan,US,2020-01-02 20:14:25,55.34,-131.65,33.8,80,90,23.04
188,Vila Velha,BR,2020-01-02 20:14:25,-3.71,-38.6,86.0,78,75,8.05
189,Atambua,ID,2020-01-02 20:14:26,-9.11,124.89,75.69,87,100,0.58
190,College,US,2020-01-02 20:14:26,64.86,-147.8,-5.8,83,75,3.33
191,Severo-Kurilsk,RU,2020-01-02 20:14:27,50.68,156.12,15.15,78,61,4.27
192,Poum,MK,2020-01-02 20:12:21,41.28,20.71,32.0,51,20,5.82
193,Tessalit,ML,2020-01-02 20:14:28,20.2,1.01,53.28,26,6,13.33
194,San Luis,AR,2020-01-02 20:14:29,-33.3,-66.34,89.73,34,66,16.26
195,Kiunga,PG,2020-01-02 20:14:29,-6.12,141.3,73.35,95,64,1.79
196,Sinnamary,GF,2020-01-02 20:14:30,5.38,-52.96,80.08,72,37,13.6
197,Batemans Bay,AU,2020-01-02 20:14:30,-35.71,150.18,61.0,89,67,3.83
198,Turbat,PK,2020-01-02 20:14:31,26.0,63.05,58.93,66,68,1.16
199,Filingue,NE,2020-01-02 20:14:31,14.35,3.32,62.78,14,0,15.39
200,Iqaluit,CA,2020-01-02 20:11:55,63.75,-68.52,10.4,85,90,3.36
201,Terrace Bay,CA,2020-01-02 20:14:32,48.78,-87.1,32.0,96,90,6.17
202,Kaitangata,NZ,2020-01-02 20:14:33,-46.28,169.85,55.0,58,78,8.99
203,Connersville,US,2020-01-02 20:14:34,39.64,-85.14,51.01,71,90,13.87
204,Sovetskaya Gavan,RU,2020-01-02 20:14:34,48.97,140.29,5.67,88,100,9.82
205,Lorengau,PG,2020-01-02 20:12:23,-2.02,147.27,84.36,71,22,5.46
206,Bundaberg,AU,2020-01-02 20:14:35,-24.87,152.35,73.99,83,75,5.82
207,Chebsara,RU,2020-01-02 20:14:35,59.2,38.84,33.8,100,90,4.47
208,Waitara,NZ,2020-01-02 20:14:35,-39.0,174.24,63.0,81,0,15.01
209,Ostrovnoy,RU,2020-01-02 20:14:36,68.05,39.51,25.32,93,100,16.84
210,Cidreira,BR,2020-01-02 20:14:36,-30.17,-50.22,73.62,77,19,23.42
211,Dombarovskiy,RU,2020-01-02 20:14:36,50.76,59.54,19.83,97,74,7.9
212,Chernyshevskiy,RU,2020-01-02 20:14:37,63.01,112.47,0.81,97,95,3.89
213,Sioux Lookout,CA,2020-01-02 20:14:38,50.1,-91.92,21.2,85,90,11.41
214,Pevek,RU,2020-01-02 20:14:38,69.7,170.27,1.85,64,100,12.88
215,Sukhobezvodnoye,RU,2020-01-02 20:14:38,57.05,44.89,27.37,96,87,8.1
216,Roebourne,AU,2020-01-02 20:14:39,-20.77,117.15,83.03,53,100,1.79
217,Vanimo,PG,2020-01-02 20:14:39,-2.67,141.3,83.7,77,100,6.46
218,Lesnoy,RU,2020-01-02 20:14:40,59.78,52.13,8.17,93,89,11.07
219,Askiz,RU,2020-01-02 20:12:05,53.13,90.53,17.53,76,100,4.5
220,Cape Coast,GH,2020-01-02 20:14:41,5.11,-1.24,83.37,57,18,6.85
221,Blackwater,GB,2020-01-02 20:14:41,51.33,-0.78,52.0,87,75,13.87
222,Kahului,US,2020-01-02 20:14:42,20.89,-156.47,78.8,61,20,5.82
223,Kamaishi,JP,2020-01-02 20:14:42,39.28,141.86,28.83,76,0,4.92
224,Beringovskiy,RU,2020-01-02 20:14:43,63.05,179.32,-11.65,82,0,15.03
225,Beidao,CN,2020-01-02 20:14:43,34.57,105.89,28.92,86,67,0.81
226,Geraldton,CA,2020-01-02 20:14:44,49.72,-86.95,30.2,92,90,5.53
227,George Town,MY,2020-01-02 20:14:44,5.42,100.33,80.6,74,20,5.82
228,Samana,EC,2020-01-02 20:14:44,0.12,-76.97,86.0,69,75,8.05
229,Presidencia Roque Saenz Pena,AR,2020-01-02 20:14:45,-26.79,-60.44,88.48,38,66,11.9
230,Wuwei,CN,2020-01-02 20:14:45,37.93,102.64,19.36,55,97,1.66
231,Brae,GB,2020-01-02 20:14:45,60.4,-1.35,41.0,86,100,19.46
232,Bureya,RU,2020-01-02 20:14:46,49.81,129.81,-12.86,94,0,6.4
233,Deputatskiy,RU,2020-01-02 20:12:18,69.3,139.9,-23.33,76,79,1.95
234,Buraydah,SA,2020-01-02 20:12:19,26.33,43.97,60.8,59,69,2.71
235,Catalina,PE,2020-01-02 20:14:47,-13.57,-76.13,73.99,30,20,11.41
236,Luderitz,NA,2020-01-02 20:14:47,-26.65,15.16,69.8,68,37,28.86
237,Baykit,RU,2020-01-02 20:14:47,61.68,96.39,2.93,98,53,2.35
238,Turukhansk,RU,2020-01-02 20:14:48,65.8,87.96,-6.36,99,100,5.68
239,Phonhong,LA,2020-01-02 20:14:49,18.5,102.42,71.6,83,75,2.24
240,Horsham,AU,2020-01-02 20:14:49,-36.71,142.2,65.14,51,34,7.87
241,Castro,CL,2020-01-02 20:11:45,-42.48,-73.76,75.2,57,57,8.05
242,Camocim,BR,2020-01-02 20:12:20,-2.9,-40.84,78.91,83,100,8.03
243,Goderich,CA,2020-01-02 20:14:50,43.74,-81.71,43.0,79,58,14.0
244,Carmen,PH,2020-01-02 20:14:51,7.36,125.71,73.99,1,100,4.68
245,Unity,CA,2020-01-02 20:14:51,52.44,-109.15,27.0,95,99,5.01
246,Constitucion,MX,2020-01-02 20:14:51,23.99,-104.67,55.4,30,40,20.8
247,Pavilosta,LV,2020-01-02 20:14:52,56.89,21.19,41.0,100,0,16.11
248,Kayerkan,RU,2020-01-02 20:14:52,69.35,87.76,-2.2,77,100,17.9
249,Uyuni,BO,2020-01-02 20:14:53,-20.46,-66.82,61.56,43,98,5.82
250,Tamworth,AU,2020-01-02 20:14:53,-31.09,150.93,73.4,78,0,9.17
251,Oussouye,SN,2020-01-02 20:14:53,12.49,-16.54,78.8,69,11,9.17
252,Kidal,ML,2020-01-02 20:14:54,18.44,1.41,53.06,23,0,13.69
253,Dhidhdhoo,MV,2020-01-02 20:14:54,6.88,73.1,82.49,73,33,11.03
254,Lubango,AO,2020-01-02 20:14:54,-14.92,13.49,61.38,91,100,1.79
255,Griffith,AU,2020-01-02 20:12:29,-34.29,146.06,68.0,55,75,11.41
256,De Aar,ZA,2020-01-02 20:14:55,-30.65,24.01,78.58,9,0,8.23
257,Portland,US,2020-01-02 20:14:55,43.66,-70.25,41.0,55,75,6.93
258,Paamiut,GL,2020-01-02 20:14:56,61.99,-49.67,25.32,42,100,8.48
259,Amta,BD,2020-01-02 20:14:56,23.98,90.06,69.8,83,90,3.36
260,Port Shepstone,ZA,2020-01-02 20:14:56,-30.74,30.45,73.47,97,99,5.35
261,Lazaro Cardenas,MX,2020-01-02 20:14:57,28.39,-105.62,54.0,40,90,10.29
262,Phangnga,TH,2020-01-02 20:14:57,8.45,98.53,78.8,74,20,3.36
263,Belyy Yar,RU,2020-01-02 20:14:57,53.6,91.39,30.2,74,83,6.71
264,Russell,US,2020-01-02 20:12:16,38.9,-98.86,51.01,61,1,13.87
265,Sitka,US,2020-01-02 20:14:58,37.17,-99.65,51.01,52,100,13.0
266,Poya,NC,2020-01-02 20:14:58,-21.35,165.16,75.22,74,100,13.42
267,Bayanday,RU,2020-01-02 20:14:59,53.07,105.52,13.06,86,100,4.56
268,Nefteyugansk,RU,2020-01-02 20:14:59,61.09,72.61,6.8,84,40,4.47
269,Charters Towers,AU,2020-01-02 20:15:00,-20.07,146.27,75.92,81,100,8.68
270,Kirakira,SB,2020-01-02 20:15:00,-10.46,161.92,79.92,79,0,4.76
271,Vao,EE,2020-01-02 20:11:52,59.1,26.19,36.91,88,4,12.62
272,Nikolskoye,RU,2020-01-02 20:15:02,59.7,30.79,41.0,80,90,15.66
273,Honningsvag,NO,2020-01-02 20:15:02,70.98,25.97,28.4,86,90,19.46
274,Kipini,KE,2020-01-02 20:15:03,-2.53,40.53,78.8,94,1,14.25
275,Lumphat,KH,2020-01-02 20:15:03,13.5,106.97,68.86,86,100,4.61
276,Ginda,IN,2020-01-02 20:15:03,30.69,78.49,37.94,73,100,4.21
277,La Joya,US,2020-01-02 20:15:05,26.25,-98.48,71.01,73,20,11.41
278,Itambacuri,BR,2020-01-02 20:15:05,-18.04,-41.68,77.32,82,100,0.85
279,Tabou,CI,2020-01-02 20:15:05,4.42,-7.36,78.48,77,0,2.98
280,Koslan,RU,2020-01-02 20:15:06,63.46,48.9,17.69,92,100,11.32
281,Cabo San Lucas,MX,2020-01-02 20:12:10,22.89,-109.91,73.99,52,20,12.75
282,Fortuna,US,2020-01-02 20:15:07,40.6,-124.16,53.01,87,40,3.96
283,Minuwangoda,LK,2020-01-02 20:15:07,7.17,79.95,77.0,100,20,3.36
284,Benalla,AU,2020-01-02 20:15:07,-36.55,145.99,61.0,58,90,6.46
285,Bonoua,CI,2020-01-02 20:15:08,5.27,-3.6,80.6,61,0,4.7
286,Yumen,CN,2020-01-02 20:15:08,40.29,97.04,20.01,52,26,7.34
287,Talnakh,RU,2020-01-02 20:15:09,69.49,88.39,-2.2,77,100,17.9
288,Bogorodskoye,RU,2020-01-02 20:15:09,52.37,140.44,-5.67,97,100,5.53
289,Grand-Santi,GF,2020-01-02 20:15:09,4.27,-54.38,80.28,67,96,3.42
290,Najran,SA,2020-01-02 20:15:10,17.54,44.22,68.0,40,0,1.07
291,Belaya Gora,RU,2020-01-02 20:15:10,68.54,146.19,-30.84,93,0,2.13
292,Key Largo,US,2020-01-02 20:10:58,25.09,-80.45,81.0,65,20,10.29
293,Champerico,MX,2020-01-02 20:15:11,16.38,-93.6,86.0,42,40,9.17
294,Gillette,US,2020-01-02 20:13:06,44.29,-105.5,39.0,69,90,9.17
295,Pirgos,GR,2020-01-02 20:15:12,35.12,25.72,48.2,87,75,27.51
296,Fortuna Foothills,US,2020-01-02 20:15:12,32.66,-114.41,70.0,24,1,21.92
297,Faanui,PF,2020-01-02 20:15:12,-16.48,-151.75,81.12,77,100,13.31
298,Maraa,BR,2020-01-02 20:15:13,-1.83,-65.37,89.96,58,31,2.42
299,San Cristobal,HN,2020-01-02 20:12:19,14.68,-86.92,81.72,34,28,6.29
300,Atherton,AU,2020-01-02 20:15:14,-17.27,145.48,77.0,83,40,2.24
301,Saint-Pierre,FR,2020-01-02 20:12:18,48.95,4.24,46.4,100,90,13.87
302,Pitlochry,GB,2020-01-02 20:15:15,56.7,-3.73,51.01,93,75,18.34
303,Tuatapere,NZ,2020-01-02 20:15:15,-46.13,167.69,52.0,73,1,17.0
304,Marawi,PH,2020-01-02 20:15:16,8.0,124.29,75.0,90,100,5.01
305,Ulaangom,MN,2020-01-02 20:15:16,49.98,92.07,-15.54,90,0,2.39
306,Lompoc,US,2020-01-02 20:15:16,34.64,-120.46,68.0,72,75,10.29
307,Salinas,US,2020-01-02 20:15:17,36.67,-121.66,62.01,63,1,6.93
308,Monrovia,LR,2020-01-02 20:15:17,6.33,-10.8,78.8,88,20,6.73
309,Zhezkazgan,KZ,2020-01-02 20:15:18,47.8,67.71,28.71,96,100,12.12
310,Anaconda,US,2020-01-02 20:15:18,46.13,-112.94,33.8,47,75,19.46
311,Sanming,CN,2020-01-02 20:15:18,26.24,117.6,51.93,88,0,2.08
312,Suez,EG,2020-01-02 20:15:19,29.97,32.54,52.5,56,44,9.01
313,Road Town,VG,2020-01-02 20:10:26,18.42,-64.62,80.6,94,40,9.42
314,Havelock,US,2020-01-02 20:14:44,34.88,-76.9,60.01,44,75,10.29
315,Chicama,PE,2020-01-02 20:15:20,-7.84,-79.15,71.6,78,40,11.41
316,Gornopravdinsk,RU,2020-01-02 20:15:20,60.06,69.92,1.85,95,99,3.04
317,Tekirdag,TR,2020-01-02 20:15:21,40.98,27.51,37.4,74,40,16.11
318,Beloha,MG,2020-01-02 20:15:21,-25.17,45.06,74.23,82,44,12.06
319,Gizo,IL,2020-01-02 20:15:21,31.8,34.94,55.4,71,75,6.93
320,Bubaque,GW,2020-01-02 20:15:22,11.28,-15.83,79.77,61,100,9.53
321,Zhigansk,RU,2020-01-02 20:15:22,66.77,123.37,-34.01,93,0,9.33
322,Dali,CN,2020-01-02 20:15:23,34.79,109.94,34.03,56,100,2.46
323,Inhambane,MZ,2020-01-02 20:15:24,-23.87,35.38,80.6,78,4,3.36
324,Mollendo,PE,2020-01-02 20:15:24,-17.03,-72.02,69.03,74,2,7.16
325,Tanout,NE,2020-01-02 20:15:25,14.97,8.88,50.23,28,0,14.67
326,Bensonville,LR,2020-01-02 20:15:25,6.45,-10.61,78.8,88,20,1.43
327,Mago,RU,2020-01-02 20:15:26,53.27,140.15,-3.33,88,100,9.82
328,Basoko,CD,2020-01-02 20:15:26,1.23,23.61,74.82,69,100,3.0
329,Iwanai,JP,2020-01-02 20:15:26,42.97,140.51,25.12,69,99,16.02
330,Sol-Iletsk,RU,2020-01-02 20:15:27,51.16,55.0,7.97,96,75,5.39
331,Sibu,MY,2020-01-02 20:15:27,2.29,111.83,77.0,100,75,0.38
332,Nyurba,RU,2020-01-02 20:12:29,63.29,118.35,-10.19,98,100,3.06
333,Leningradskiy,RU,2020-01-02 20:15:28,69.38,178.42,-11.34,81,0,13.96
334,Kabwe,ZM,2020-01-02 20:15:28,-14.44,28.44,67.35,95,100,3.58
335,Iki-Burul,RU,2020-01-02 20:15:28,45.82,44.65,28.4,86,0,11.18
336,Nishihara,JP,2020-01-02 20:15:29,35.74,139.53,39.99,49,1,6.55
337,Kuhdasht,IR,2020-01-02 20:15:29,33.53,47.61,37.69,84,0,3.33
338,Shetpe,KZ,2020-01-02 20:15:30,44.14,52.16,34.27,85,100,8.25
339,Khandagayty,MN,2020-01-02 20:15:30,50.73,92.07,-14.33,91,3,1.41
340,Matagami,NG,2020-01-02 20:15:31,9.67,8.4,57.2,30,0,9.17
341,San Andres,PH,2020-01-02 20:15:31,13.32,122.68,74.48,90,100,11.86
342,Hamilton,CA,2020-01-02 20:12:31,43.26,-79.87,46.99,69,75,16.11
343,Hami,CN,2020-01-02 20:12:19,42.84,93.51,17.55,55,0,0.92
344,Mareeba,AU,2020-01-02 20:15:32,-16.99,145.42,77.0,83,40,2.24
345,Boyolangu,ID,2020-01-02 20:15:32,-8.09,111.9,73.98,88,84,1.72
346,Beyneu,KZ,2020-01-02 20:15:33,45.32,55.19,33.42,97,100,6.98
347,Pangnirtung,CA,2020-01-02 20:15:33,66.15,-65.72,6.8,77,90,4.7
348,Thompson,CA,2020-01-02 20:15:34,55.74,-97.86,5.0,84,75,1.34
349,Saint-Georges,CA,2020-01-02 20:15:34,46.12,-70.67,30.99,84,100,1.99
350,Opuwo,NA,2020-01-02 20:15:34,-18.06,13.84,76.48,52,100,13.42
351,Verkhniy Tagil,RU,2020-01-02 20:15:35,57.37,59.96,2.77,93,0,5.93
352,Bermejo,AR,2020-01-02 20:15:35,-22.73,-64.34,93.99,46,73,1.01
353,Cururupu,BR,2020-01-02 20:15:35,-1.82,-44.87,78.37,85,35,3.36
354,Kurchum,KZ,2020-01-02 20:15:36,48.57,83.65,7.5,89,0,1.88
355,Xichang,CN,2020-01-02 20:15:36,27.88,102.25,33.51,95,72,3.89
356,Alexandria,RO,2020-01-02 20:14:37,43.97,25.33,25.0,79,10,7.18
357,Eyemouth,GB,2020-01-02 20:15:37,55.87,-2.09,51.01,87,89,11.41
358,Amapa,HN,2020-01-02 20:15:37,15.09,-87.97,91.4,43,40,4.7
359,Leshukonskoye,RU,2020-01-02 20:15:38,64.9,45.76,29.3,95,100,10.56
360,Yankton,US,2020-01-02 20:15:38,42.87,-97.4,37.0,74,90,16.11
361,Teguise,ES,2020-01-02 20:15:38,29.06,-13.56,60.8,38,100,9.17
362,Bilma,NE,2020-01-02 20:15:39,18.69,12.92,50.63,29,0,13.0
363,Liverpool,GB,2020-01-02 20:15:39,53.41,-2.98,52.0,100,75,14.99
364,Udachnyy,RU,2020-01-02 20:15:39,66.42,112.4,-11.2,83,0,4.47
365,Ponnani,IN,2020-01-02 20:15:40,10.77,75.93,78.8,78,20,1.07
366,Edgewater,US,2020-01-02 20:15:40,28.99,-80.9,82.0,47,1,9.17
367,Erenhot,CN,2020-01-02 20:15:41,43.65,111.97,13.51,69,0,7.52
368,Takaka,NZ,2020-01-02 20:15:41,-40.86,172.81,69.01,77,99,5.01
369,Kondinskoye,RU,2020-01-02 20:15:41,59.65,67.41,1.26,96,84,4.99
370,Banikoara,BJ,2020-01-02 20:15:42,11.3,2.44,63.73,16,0,8.59
371,Iralaya,HN,2020-01-02 20:15:42,15.0,-83.23,81.14,77,56,13.73
372,Arifwala,PK,2020-01-02 20:15:42,30.29,73.06,50.61,46,0,4.21
373,Tazovskiy,RU,2020-01-02 20:15:43,67.47,78.7,0.23,91,95,10.96
374,Ratnagiri,IN,2020-01-02 20:15:43,16.98,73.3,63.03,93,0,2.59
375,Naze,NG,2020-01-02 20:15:44,5.43,7.07,77.0,50,72,6.67
376,Cassilandia,BR,2020-01-02 20:15:44,-19.11,-51.73,81.37,81,76,4.99
377,Tecoanapa,MX,2020-01-02 20:15:45,16.99,-99.26,86.0,66,40,6.93
378,Jiexiu,CN,2020-01-02 20:15:46,37.02,111.92,28.76,78,14,2.64
379,Kamarion,GR,2020-01-02 20:15:46,36.8,25.82,53.01,62,75,25.28
380,Ilulissat,GL,2020-01-02 20:15:47,69.22,-51.1,8.6,78,75,20.8
381,Carlisle,GB,2020-01-02 20:15:47,54.89,-2.94,51.01,100,100,23.04
382,Port Blair,IN,2020-01-02 20:11:50,11.67,92.75,81.03,77,26,12.88
383,Tocache,PE,2020-01-02 20:15:48,-8.19,-76.51,73.8,88,100,2.46
384,Utete,TZ,2020-01-02 20:15:48,-7.99,38.76,75.47,92,100,3.0
385,Barcelos,BR,2020-01-02 20:15:48,-0.97,-62.93,88.43,53,13,2.55
386,Pombal,BR,2020-01-02 20:15:49,-6.77,-37.8,87.64,41,87,8.72
387,Makakilo City,US,2020-01-02 20:12:02,21.35,-158.09,80.6,61,1,4.7
388,Margate,AU,2020-01-02 20:11:59,-43.03,147.26,60.01,72,75,5.82
389,Touros,BR,2020-01-02 20:15:50,-5.2,-35.46,84.2,66,65,13.87
390,Cockburn Town,TC,2020-01-02 20:15:50,21.46,-71.14,80.6,61,40,10.29
391,Porto Novo,BR,2020-01-02 20:15:51,-23.68,-45.44,69.8,88,75,3.36
392,Bambanglipuro,ID,2020-01-02 20:15:51,-7.95,110.28,74.41,87,37,4.52
393,Abu Kamal,SY,2020-01-02 20:15:51,34.45,40.92,51.4,63,87,9.91
394,Celestun,MX,2020-01-02 20:15:52,20.87,-90.4,78.42,79,30,7.92
395,Yar-Sale,RU,2020-01-02 20:15:52,66.83,70.83,-6.36,95,0,9.84
396,Fort Nelson,CA,2020-01-02 20:12:17,58.81,-122.69,3.2,84,40,3.36
397,Sistranda,NO,2020-01-02 20:15:53,63.73,8.83,48.2,70,75,24.16
398,Nouadhibou,MR,2020-01-02 20:15:54,20.93,-17.03,66.2,42,100,6.93
399,Alofi,NU,2020-01-02 20:15:55,-19.06,-169.92,80.6,61,40,4.7
400,Coari,BR,2020-01-02 20:15:55,-4.09,-63.14,86.74,60,19,2.21
401,Sangamner,IN,2020-01-02 20:15:56,19.57,74.2,59.11,77,0,2.68
402,Saint-Augustin,CA,2020-01-02 20:15:56,45.63,-73.98,39.0,98,75,2.24
403,Vestmannaeyjar,IS,2020-01-02 20:11:59,63.44,-20.27,30.04,73,100,17.69
404,Port Moresby,PG,2020-01-02 20:15:57,-9.47,147.16,77.0,100,90,3.36
405,Ballina,IE,2020-01-02 20:15:57,54.11,-9.15,45.0,100,90,24.16
406,Vardo,US,2020-01-02 20:15:58,39.62,-77.74,53.01,39,1,5.82
407,Xunchang,CN,2020-01-02 20:15:58,28.45,104.71,49.03,71,100,1.74
408,La Tuque,CA,2020-01-02 20:14:32,47.44,-72.79,25.43,96,100,5.68
409,Okitipupa,NG,2020-01-02 20:15:59,6.5,4.78,73.42,36,0,1.59
410,Kirchbichl,AT,2020-01-02 20:15:59,47.51,12.09,32.0,86,13,3.36
411,Hengyang,CN,2020-01-02 20:16:00,26.89,112.6,43.86,86,100,6.55
412,Columbus,US,2020-01-02 20:12:07,32.46,-84.99,55.4,81,90,9.17
413,Petropavlovsk-Kamchatskiy,RU,2020-01-02 20:16:00,53.05,158.65,5.0,84,100,9.62
414,Preobrazheniye,RU,2020-01-02 20:16:01,42.9,133.91,11.03,64,0,6.13
415,Havre-Saint-Pierre,CA,2020-01-02 20:16:01,50.23,-63.6,26.6,73,90,14.99
416,Henties Bay,NA,2020-01-02 20:12:05,-22.12,14.28,63.0,90,5,1.99
417,Daru,PG,2020-01-02 20:16:02,-9.07,143.21,76.46,81,99,1.25
418,Santa Catarina De Tepehuanes,MX,2020-01-02 20:16:02,25.34,-105.72,46.29,55,0,29.86
419,Muhos,FI,2020-01-02 20:16:03,64.81,26.0,41.0,75,100,11.41
420,Komsomolskiy,RU,2020-01-02 20:16:03,67.55,63.78,1.94,95,99,12.08
421,Uglovskoye,RU,2020-01-02 20:16:03,51.36,80.19,17.11,84,67,11.52
422,Lasa,CY,2020-01-02 20:16:04,34.92,32.53,53.6,81,75,13.87
423,Vila,IT,2020-01-02 20:16:04,45.18,8.4,41.0,79,76,3.36
424,Tsiroanomandidy,MG,2020-01-02 20:16:04,-18.77,46.05,68.0,94,100,5.7
425,La Ronge,CA,2020-01-02 20:16:05,55.1,-105.3,26.6,92,90,4.7
426,Richards Bay,ZA,2020-01-02 20:16:05,-28.77,32.06,79.12,86,79,11.48
427,Kargasok,RU,2020-01-02 20:16:06,59.06,80.87,24.51,97,100,3.94
428,Mahebourg,MU,2020-01-02 20:16:06,-20.41,57.7,78.01,94,75,1.12
429,Povenets,RU,2020-01-02 20:16:06,62.85,34.83,34.88,94,100,11.99
430,Okhotsk,RU,2020-01-02 20:16:07,59.36,143.24,10.13,75,100,19.73
431,Nantucket,US,2020-01-02 20:16:07,41.28,-70.1,45.0,70,1,12.75
432,Valladolid,ES,2020-01-02 20:12:15,41.65,-4.73,37.0,52,100,5.82
433,Mitsamiouli,KM,2020-01-02 20:16:09,-11.38,43.28,81.14,89,100,7.85
434,Cilegon,ID,2020-01-02 20:16:09,-6.02,106.05,78.8,88,20,5.82
435,Halifax,CA,2020-01-02 20:16:10,44.65,-63.58,37.0,64,75,14.99
436,Terrace,CA,2020-01-02 20:16:10,54.52,-128.61,30.0,92,90,3.02
437,Nizhniy Kuranakh,RU,2020-01-02 20:16:10,58.84,125.49,-26.21,95,51,1.86
438,Sao Jose Da Coroa Grande,BR,2020-01-02 20:16:11,-8.9,-35.15,80.6,82,57,13.22
439,Salinopolis,BR,2020-01-02 20:16:11,-0.61,-47.36,81.07,81,100,15.82
440,Acari,BR,2020-01-02 20:16:12,-6.44,-36.64,84.42,48,98,14.7
441,Aanekoski,FI,2020-01-02 20:16:12,62.6,25.73,37.99,86,33,14.99
442,Tezu,IN,2020-01-02 20:16:12,27.93,96.16,57.11,86,97,1.68
443,Troitsko-Pechorsk,RU,2020-01-02 20:16:13,62.71,56.19,1.6,94,100,9.08
444,Semirom,IR,2020-01-02 20:16:13,31.41,51.57,25.56,65,5,5.21
445,Ornskoldsvik,SE,2020-01-02 20:16:13,63.29,18.72,44.6,56,99,10.29
446,Maryborough,AU,2020-01-02 20:16:14,-25.54,152.7,74.8,68,19,4.97
447,San Jose,HN,2020-01-02 20:15:44,14.25,-87.96,89.6,46,1,12.75
448,Port-Gentil,GA,2020-01-02 20:16:15,-0.72,8.78,82.4,88,40,3.36
449,Kelamangalam,IN,2020-01-02 20:16:15,12.61,77.86,68.0,100,40,5.82
450,Tokur,RU,2020-01-02 20:16:15,53.13,132.9,-27.15,99,97,1.5
451,Sur,OM,2020-01-02 20:16:16,22.57,59.53,69.15,61,63,8.05
452,Khandbari,NP,2020-01-02 20:16:16,27.38,87.21,34.18,59,100,2.89
453,Murakami,JP,2020-01-02 20:16:17,38.29,139.58,36.79,86,100,4.83
454,Salamanca,MX,2020-01-02 20:16:17,20.57,-101.19,68.0,48,90,18.34
455,Sinegorye,RU,2020-01-02 20:16:18,62.09,150.53,-2.49,99,100,2.86
456,Soe,EE,2020-01-02 20:16:18,57.91,26.05,41.0,80,39,16.11
457,Dunedin,NZ,2020-01-02 20:16:18,-45.87,170.5,57.0,60,70,18.01
458,Shache,CN,2020-01-02 20:16:04,38.42,77.24,19.81,77,100,1.5
459,Hobyo,SO,2020-01-02 20:16:19,5.35,48.53,78.24,78,39,18.25
460,Aykhal,RU,2020-01-02 20:16:19,65.95,111.51,-11.2,83,71,4.47
461,Olinda,AU,2020-01-02 20:16:20,-37.84,145.39,62.01,93,75,6.93
462,Pointe Michel,DM,2020-01-02 20:16:20,15.25,-61.38,86.0,58,20,5.82
463,Rumboci,BA,2020-01-02 20:16:20,43.83,17.51,35.6,51,0,2.24
464,Hirado,JP,2020-01-02 20:16:21,33.32,129.49,50.0,61,0,10.29
465,Rincon,PA,2020-01-02 20:16:21,8.46,-82.28,86.0,66,40,8.05
466,Saint Albans,US,2020-01-02 20:16:21,44.81,-73.08,39.2,64,1,9.17
467,Paungde,MM,2020-01-02 20:16:22,18.49,95.51,66.97,77,0,8.97
468,Carballo,ES,2020-01-02 20:16:22,43.21,-8.69,54.0,81,40,10.29
469,Komsomolets,RU,2020-01-02 20:16:23,52.77,41.29,30.78,96,98,8.59
470,Langres,FR,2020-01-02 20:16:24,47.87,5.33,39.99,100,90,4.7
471,Balkanabat,TM,2020-01-02 20:16:24,39.51,54.36,42.91,87,99,8.05
472,Radom,PL,2020-01-02 20:12:37,51.4,21.15,37.99,41,30,7.0
473,Galesong,ID,2020-01-02 20:16:25,-5.32,119.37,75.2,100,40,4.7
474,Kaspiysk,RU,2020-01-02 20:16:25,42.88,47.64,37.4,74,20,6.71
475,Muzhi,RU,2020-01-02 20:16:26,65.4,64.7,1.45,78,0,7.25
476,Mayumba,GA,2020-01-02 20:16:26,-3.44,10.65,81.82,85,100,2.59
477,Batticaloa,LK,2020-01-02 20:16:26,7.71,81.69,73.6,95,0,2.59
478,Murgab,TM,2020-01-02 20:16:27,37.5,61.97,39.2,86,40,4.81
479,Vite,ES,2020-01-02 20:16:27,42.89,-8.54,54.0,87,90,9.17
480,Valdivia,CL,2020-01-02 20:16:27,-39.81,-73.25,86.0,40,0,8.05
481,Port Macquarie,AU,2020-01-02 20:12:18,-31.43,152.91,69.01,94,75,10.36
482,Kibaya,RW,2020-01-02 20:16:28,-2.2,30.56,61.83,91,100,0.63
483,San Rafael Del Sur,NI,2020-01-02 20:16:28,11.85,-86.44,89.6,49,40,13.87
484,Jumilla,ES,2020-01-02 20:16:29,38.47,-1.33,48.99,89,0,1.3
485,Hualmay,PE,2020-01-02 20:16:29,-11.1,-77.61,76.68,59,47,10.18
486,Lagoa,PT,2020-01-02 20:16:30,37.14,-8.45,59.0,82,75,6.93
487,Santa Cruz Cabralia,BR,2020-01-02 20:16:30,-16.28,-39.02,82.4,74,20,16.11
488,Minas De Barroteran,MX,2020-01-02 20:16:30,27.63,-101.28,68.34,31,10,21.85
489,Krasnokamensk,RU,2020-01-02 20:16:31,50.1,118.04,-8.25,87,0,4.38
490,Okha,RU,2020-01-02 20:16:31,53.59,142.95,-0.04,93,96,15.26
491,Saint Anthony,US,2020-01-02 20:16:31,43.97,-111.68,30.99,86,90,12.75
492,Shelburne,CA,2020-01-02 20:11:52,44.08,-80.2,43.0,60,90,13.87
493,Guerrero,AR,2020-01-02 20:16:33,-24.19,-65.45,86.0,51,40,6.93
494,Sussex,CA,2020-01-02 20:16:33,45.72,-65.51,34.0,64,75,13.87
495,Miandrivazo,MG,2020-01-02 20:16:34,-19.53,45.46,76.91,83,100,7.7
496,Sao Felix Do Xingu,BR,2020-01-02 20:16:34,-6.64,-51.99,78.84,91,41,1.83
497,Cape Girardeau,US,2020-01-02 20:16:34,37.31,-89.52,50.0,87,90,5.82
498,Deloraine,AU,2020-01-02 20:16:35,-41.53,146.66,62.01,87,4,6.93
499,Vryburg,ZA,2020-01-02 20:16:35,-26.96,24.73,77.32,39,67,9.6
500,Lavumisa,ZA,2020-01-02 20:16:36,-27.31,31.88,82.4,65,42,3.36
501,Komatipoort,MZ,2020-01-02 20:16:36,-25.43,31.96,77.0,73,33,6.93
502,Vilhena,BR,2020-01-02 20:16:36,-12.74,-60.15,77.0,83,90,10.29
503,Balgazyn,RU,2020-01-02 20:16:37,51.0,95.2,-3.95,86,0,0.67
504,Nabire,ID,2020-01-02 20:16:37,-3.36,135.5,71.22,97,100,2.21
505,Novikovo,RU,2020-01-02 20:16:37,51.15,37.89,28.9,92,98,10.38
506,Jishu,CN,2020-01-02 20:16:38,44.29,126.79,-0.15,94,33,9.86
507,Novoagansk,RU,2020-01-02 20:16:38,61.94,76.66,-1.35,97,99,5.88
508,Srandakan,ID,2020-01-02 20:16:38,-7.94,110.25,74.41,87,37,4.52
509,Vila Franca Do Campo,PT,2020-01-02 20:16:39,37.72,-25.43,57.2,67,20,6.93
510,Ixtapa,MX,2020-01-02 20:16:39,20.71,-105.21,75.2,57,75,8.05
511,Abu Dhabi,AE,2020-01-02 20:13:24,24.47,54.37,71.6,83,21,3.36
512,Manzhouli,CN,2020-01-02 20:16:40,49.6,117.43,-3.01,94,0,7.29
513,Bereda,ES,2020-01-02 20:16:41,43.27,-7.54,55.0,81,40,10.29
514,Mackay,CA,2020-01-02 20:16:41,53.65,-115.58,26.6,53,75,20.8
515,Basco,US,2020-01-02 20:16:41,40.33,-91.2,53.6,66,1,12.75
516,Rauma,FI,2020-01-02 20:16:42,61.13,21.5,41.0,80,20,11.41
517,Eyl,SO,2020-01-02 20:16:42,7.98,49.82,78.26,79,39,20.74
518,Homer,US,2020-01-02 20:16:42,59.64,-151.54,10.99,77,1,6.93
519,Kinablangan,PH,2020-01-02 20:16:43,7.69,126.55,72.19,93,100,5.39
520,Eureka,US,2020-01-02 20:16:43,40.8,-124.16,53.01,87,40,1.95
521,Union City,US,2020-01-02 20:14:37,36.42,-89.06,54.0,100,75,10.29
522,Flin Flon,CA,2020-01-02 20:11:48,54.77,-101.88,15.8,92,90,4.7
523,Amga,RU,2020-01-02 20:16:44,60.89,131.98,-30.35,98,97,2.06
524,Banjar,ID,2020-01-02 20:11:53,-7.37,108.54,74.7,94,95,1.54
525,Black River,JM,2020-01-02 20:16:45,18.03,-77.85,84.99,74,20,13.87
526,Edinburg,US,2020-01-02 20:13:17,26.3,-98.16,71.01,72,90,9.17
527,Rio Gallegos,AR,2020-01-02 20:12:21,-51.62,-69.22,68.0,49,75,17.22
528,Vallenar,CL,2020-01-02 20:16:46,-28.58,-70.76,69.48,52,0,11.99
529,Talas,KG,2020-01-02 20:16:47,42.52,72.24,25.84,58,100,3.47
530,Masunga,BW,2020-01-02 20:16:47,-20.62,27.45,84.2,37,91,4.7
531,Pokhara,NP,2020-01-02 20:16:48,28.21,83.99,48.34,67,34,3.22
532,Taoudenni,ML,2020-01-02 20:12:30,22.68,-3.98,56.5,22,91,10.78
